seconds	event	frame	buffered	bytes	lua_kib	detail
0.001	opened	-1	0	0	150.3	http
0.001	status	-1	0	0	150.5	waiting
1.026	status	-1	0	0	142.1	waiting
2.019	status	-1	0	0	142.1	waiting
3.011	status	-1	0	0	142.1	waiting
4.004	status	-1	0	0	142.1	waiting
5.030	status	-1	0	0	142.1	waiting
6.022	status	-1	0	0	142.1	waiting
7.015	status	-1	0	0	142.1	waiting
8.007	status	-1	0	0	142.1	waiting
8.073	headers	-1	0	0	141.5	200
8.437	audio_started	0	3	6368	141.9	
8.437	first_frame	0	3	6368	142.0	
8.437	flash	0	3	6368	142.2	
8.537	frame	1	3	8076	141.9	
8.603	frame	2	2	9322	141.9	
8.669	frame	3	2	9949	141.9	
8.735	frame	4	2	11186	141.9	
8.801	frame	5	1	12435	141.9	
8.868	frame	6	1	13062	141.9	
8.934	frame	7	1	14269	141.9	
9.000	frame	8	0	15534	141.9	
9.000	status	8	0	15534	142.1	playing
9.033	frame	9	0	15743	142.0	
10.025	status	9	9	32324	141.9	waiting
11.018	status	9	19	47393	141.9	waiting
12.010	status	9	28	63872	141.9	waiting
13.003	status	9	37	79984	141.9	waiting
14.028	status	9	47	95691	141.9	waiting
15.021	status	9	56	111523	141.9	waiting
16.014	status	9	65	127302	141.9	waiting
17.006	status	9	74	143191	141.9	waiting
17.138	frame	10	74	146199	141.9	
17.204	frame	11	74	146408	141.9	
17.237	frame	12	73	146826	142.0	
17.337	frame	13	73	148612	141.9	
17.403	frame	14	72	149817	141.9	
17.469	frame	15	72	151404	141.9	
17.535	frame	16	72	151822	141.9	
17.535	flash	16	72	151822	142.1	
17.602	frame	17	71	153221	141.9	
17.635	frame	18	71	153430	142.0	
17.734	frame	19	71	155259	141.9	
17.800	frame	20	70	156912	141.9	
17.833	frame	21	69	156912	142.0	
17.933	frame	22	69	158640	141.9	
17.999	frame	23	69	159058	141.9	
18.032	status	23	69	160485	142.0	playing
18.065	frame	24	68	160485	141.9	
18.131	frame	25	68	162173	141.9	
18.197	frame	26	68	162382	141.9	
18.230	frame	27	67	162800	142.0	
18.330	frame	28	67	164485	141.9	
18.396	frame	29	66	165781	141.9	
18.462	frame	30	66	166407	141.9	
18.561	frame	31	66	168094	141.9	
18.561	flash	31	66	168094	142.1	
18.594	frame	32	65	169511	142.0	
18.660	frame	33	65	169929	141.9	
18.727	frame	34	64	171187	141.9	
18.793	frame	35	64	171814	141.9	
18.859	frame	36	63	173151	141.9	
18.925	frame	37	63	174924	141.9	
18.991	frame	38	63	175133	141.9	
19.024	status	38	63	175551	142.0	playing
19.057	frame	39	62	176868	141.9	
19.123	frame	40	62	177286	141.9	
19.189	frame	41	61	178593	141.9	
19.256	frame	42	61	179220	141.9	
19.322	frame	43	60	180596	141.9	
19.421	frame	44	60	182565	141.9	
19.454	frame	45	59	182565	142.0	
19.520	frame	46	59	184467	141.9	
19.520	flash	46	59	184467	142.1	
19.586	frame	47	59	184676	141.9	
19.652	frame	48	58	186449	141.9	
19.752	frame	49	58	188158	141.9	
19.818	frame	50	58	188367	141.9	
19.884	frame	51	57	190071	141.9	
19.917	frame	52	56	190071	142.0	
20.016	frame	53	56	191793	141.9	
20.016	status	53	56	191793	142.1	playing
20.049	frame	54	56	192002	142.0	
20.148	frame	55	55	193697	141.9	
20.181	frame	56	55	194115	142.0	
20.281	frame	57	55	195824	141.9	
20.347	frame	58	54	197100	141.9	
20.380	frame	59	54	197309	142.0	
20.479	frame	60	54	198974	141.9	
20.512	frame	61	53	199392	142.0	
20.512	flash	61	53	199392	142.2	
20.579	frame	62	52	200608	141.9	
20.678	frame	63	52	202444	141.9	
20.744	frame	64	52	204101	141.9	
20.777	frame	65	51	204101	142.0	
20.876	frame	66	51	205925	141.9	
20.909	frame	67	50	205925	142.0	
20.975	frame	68	50	207557	141.9	
21.008	status	68	50	207557	142.0	playing
21.074	frame	69	50	208184	141.9	
21.141	frame	70	49	209580	141.9	
21.207	frame	71	49	211150	141.9	
21.273	frame	72	49	211568	141.9	
21.339	frame	73	48	213009	141.9	
21.372	frame	74	48	213218	142.0	
21.471	frame	75	48	214780	141.9	
21.504	frame	76	47	215198	142.0	
21.504	flash	76	47	215198	142.2	
21.604	frame	77	47	216810	141.9	
21.670	frame	78	46	218164	141.9	
21.736	frame	79	46	219682	141.9	
21.802	frame	80	46	220100	141.9	
21.835	frame	81	45	221452	142.0	
21.934	frame	82	45	222976	141.9	
22.001	frame	83	45	223394	141.9	
22.001	status	83	45	223394	142.1	playing
22.067	frame	84	44	224699	141.9	
22.133	frame	85	44	226252	141.9	
22.199	frame	86	44	226461	141.9	
22.265	frame	87	43	228013	141.9	
22.332	frame	88	43	228431	141.9	
22.398	frame	89	43	229812	141.9	
22.431	frame	90	42	230230	142.0	
22.530	frame	91	42	231763	141.9	
22.530	flash	91	42	231763	142.1	
22.596	frame	92	41	232894	141.9	
22.662	frame	93	41	234842	141.9	
22.729	frame	94	41	235051	141.9	
22.795	frame	95	40	236541	141.9	
22.831	frame	96	40	236750	142.0	
22.927	frame	97	40	238352	141.9	
23.026	finished	97	40	239908	141.7	
